{
  "Klagenfurt am Wörthersee": [
    14.312264,
    46.624778
  ],
  "Villach": [
    13.843434,
    46.612607
  ],
  "Spittal an der Drau": [
    13.495206,
    46.793952
  ],
  "Wolfsberg": [
    14.839798,
    46.836301
  ],
  "St. Veit an der Glan": [
    14.361483,
    46.766821
  ],
  "Feldkirchen in Kärnten": [
    14.096084,
    46.722698
  ],
  "Hermagor-Pressegger See": [
    13.238804,
    46.633029
  ],
  "Bad St. Leonhard im Lavanttal": [
    14.791762,
    46.963622
  ],
  "Bleiburg": [
    14.797238,
    46.58909
  ],
  "Völkermarkt": [
    14.638914,
    46.660052
  ],
  "Althofen": [
    13.73333,
    47.15
  ],
  "Friesach": [
    14.409984,
    46.949676
  ],
  "Gmünd in Kärnten": [
    13.535393,
    46.905681
  ],
  "Radenthein": [
    13.713545,
    46.79831
  ],
  "Treffen am Ossiacher See": [
    15.66667,
    48.5
  ],
  "Velden am Wörther See": [
    14.037505,
    46.614658
  ],
  "Ferlach": [
    14.301992,
    46.528022
  ],
  "Arnoldstein": [
    13.710067,
    46.542597
  ],
  "Heiligenblut am Großglockner": [
    12.813755,
    47.051909
  ],
  "Oberdrauburg": [
    12.968596,
    46.745711
  ],
  "Lavamünd": [
    14.976371,
    46.669671
  ],
  "Greifenburg": [
    13.181228,
    46.748202
  ],
  "Mallnitz": [
    13.1678,
    46.99173
  ],
  "Reichenfels": [
    14.742453,
    47.009082
  ],
  "Steinfeld": [
    15.7,
    46.86667
  ],
  "Seeboden am Millstätter See": [
    13.517873,
    46.819742
  ],
  "Bad Kleinkirchheim": [
    13.779514,
    46.837821
  ],
  "Paternion": [
    13.645359,
    46.672617
  ],
  "Ebenthal in Kärnten": [
    14.360703,
    46.607669
  ],
  "Kötschach-Mauthen": [
    12.976462,
    46.660917
  ]
}